cell_id,TP53,KRAS,BRAF,MYC,PTEN,CD3D,CD8A,FOXP3,CD19
cell_001,8.2,0.1,0.2,12.4,5.1,2.1,8.9,0.5,0.3
cell_002,9.1,0.0,0.1,11.8,4.8,15.2,18.4,0.8,1.2
cell_003,7.8,0.2,0.1,10.5,4.5,1.8,7.5,0.3,0.2
cell_004,8.5,5.8,0.1,11.2,5.0,2.3,9.1,0.4,0.3
cell_005,9.0,0.1,0.2,12.0,4.9,14.5,17.8,0.7,1.1
cell_006,8.0,0.0,0.1,11.5,4.7,1.9,8.2,0.4,0.3
cell_007,8.7,6.2,0.0,11.8,5.2,2.4,8.7,0.5,0.4
cell_008,8.3,0.2,0.1,12.1,4.6,13.8,18.1,0.6,1.0
cell_009,8.9,0.1,0.0,11.5,5.1,2.2,9.0,0.4,0.3
cell_010,9.2,5.5,0.1,12.3,4.8,15.5,18.6,0.7,1.3