cell_id	KRAS	TP53	BRAF	CD3D	CD8A	FOXP3	CD19	CD14	CD68	COL1A1
cell_001	0.1	8.2	0.2	2.1	8.9	0.5	0.3	5.2	4.8	1.2
cell_002	0.0	9.1	0.1	15.2	18.4	0.8	1.2	5.5	5.0	1.1
cell_003	0.2	7.8	0.1	1.8	7.5	0.3	0.2	5.0	4.6	1.3
cell_004	5.8	8.5	0.1	2.3	9.1	0.4	0.3	5.3	4.9	1.0
cell_005	0.1	9.0	0.2	14.5	17.8	0.7	1.1	5.6	5.2	1.2
cell_006	0.0	8.0	0.1	1.9	8.2	0.4	0.3	5.1	4.7	1.4
cell_007	6.2	8.7	0.0	2.4	8.7	0.5	0.4	5.4	4.9	1.1
cell_008	0.2	8.3	0.1	13.8	18.1	0.6	1.0	5.7	5.1	1.3
cell_009	0.1	8.9	0.0	2.2	9.0	0.4	0.3	5.2	4.8	1.5
cell_010	5.5	9.2	0.1	15.5	18.6	0.7	1.3	5.5	5.0	1.2